{
    "Ar36": {
        "error": 0.00017472760632614756, 
        "filter_outliers_dict": {
            "filter_outliers": true, 
            "iterations": 1, 
            "std_devs": 2
        }, 
        "fit": "Parabolic", 
        "value": 0.004304718275029585
    }, 
    "Ar37": {
        "error": 0.004898491211950487, 
        "filter_outliers_dict": {
            "filter_outliers": true, 
            "iterations": 1, 
            "std_devs": 2
        }, 
        "fit": "linear", 
        "value": 0.023772963475795217
    }, 
    "Ar38": {
        "error": 0.002116602678168897, 
        "filter_outliers_dict": {
            "filter_outliers": true, 
            "iterations": 1, 
            "std_devs": 2
        }, 
        "fit": "linear", 
        "value": -0.009250544242598956
    }, 
    "Ar39": {
        "error": 0.008829197189826419, 
        "filter_outliers_dict": {
            "filter_outliers": true, 
            "iterations": 1, 
            "std_devs": 2
        }, 
        "fit": "Parabolic", 
        "value": -0.02021331774605255
    }, 
    "Ar40": {
        "error": 0.007311206978899255, 
        "filter_outliers_dict": {
            "filter_outliers": true, 
            "iterations": 1, 
            "std_devs": 2
        }, 
        "fit": "Parabolic", 
        "value": 0.04354085912885929
    }, 
    "PM41": {
        "error": 0.07167557448044837, 
        "filter_outliers_dict": {
            "filter_outliers": false, 
            "iterations": 1, 
            "std_devs": 2
        }, 
        "fit": "linear", 
        "value": -0.1594645017878522
    }
}