{
    "AX": {
        "error": 0.004261707971302703, 
        "filter_outliers_dict": {
            "filter_outliers": true, 
            "iterations": 1, 
            "std_devs": 2
        }, 
        "fit": "average", 
        "value": -0.061923648796893174
    }, 
    "CDD": {
        "error": 6.253598140748325e-06, 
        "filter_outliers_dict": {
            "filter_outliers": true, 
            "iterations": 1, 
            "std_devs": 10
        }, 
        "fit": "average", 
        "value": 2.977308231131195e-05
    }, 
    "H1": {
        "error": 0.0030852062300848354, 
        "filter_outliers_dict": {
            "filter_outliers": true, 
            "iterations": 1, 
            "std_devs": 2
        }, 
        "fit": "average", 
        "value": -0.03592342307383378
    }, 
    "H2": {
        "error": 0.004639799587949587, 
        "filter_outliers_dict": {
            "filter_outliers": true, 
            "iterations": 1, 
            "std_devs": 2
        }, 
        "fit": "average", 
        "value": -0.18585012191405473
    }, 
    "L1": {
        "error": 0.0019066584185193076, 
        "filter_outliers_dict": {
            "filter_outliers": true, 
            "iterations": 1, 
            "std_devs": 2
        }, 
        "fit": "average", 
        "value": -0.01811971349832525
    }, 
    "L2": {
        "error": 0.004410425692766878, 
        "filter_outliers_dict": {
            "filter_outliers": true, 
            "iterations": 1, 
            "std_devs": 2
        }, 
        "fit": "average", 
        "value": -0.03386146771472207
    }
}