{
    "Ar36": {
        "error": 0.0001903029265368579, 
        "filter_outliers_dict": {
            "filter_outliers": true, 
            "iterations": 1, 
            "std_devs": 2
        }, 
        "fit": "Parabolic", 
        "value": 0.004508605788572319
    }, 
    "Ar37": {
        "error": 0.004883231028939881, 
        "filter_outliers_dict": {
            "filter_outliers": true, 
            "iterations": 1, 
            "std_devs": 2
        }, 
        "fit": "linear", 
        "value": 0.024152118402034545
    }, 
    "Ar38": {
        "error": 0.002303592090771744, 
        "filter_outliers_dict": {
            "filter_outliers": true, 
            "iterations": 1, 
            "std_devs": 2
        }, 
        "fit": "linear", 
        "value": -0.016156759567146767
    }, 
    "Ar39": {
        "error": 0.009047759182905775, 
        "filter_outliers_dict": {
            "filter_outliers": true, 
            "iterations": 1, 
            "std_devs": 2
        }, 
        "fit": "Parabolic", 
        "value": -0.06027748880492892
    }, 
    "Ar40": {
        "error": 0.0070962453611236875, 
        "filter_outliers_dict": {
            "filter_outliers": true, 
            "iterations": 1, 
            "std_devs": 2
        }, 
        "fit": "Parabolic", 
        "value": 0.13563304010880434
    }, 
    "PM41": {
        "error": 0.06762415583328961, 
        "filter_outliers_dict": {
            "filter_outliers": false, 
            "iterations": 1, 
            "std_devs": 2
        }, 
        "fit": "linear", 
        "value": -0.15590735015000912
    }
}