{
    "Ar36": {
        "error": 0.0006596844592007927, 
        "filter_outliers_dict": {
            "filter_outliers": true, 
            "iterations": 1, 
            "std_devs": 2
        }, 
        "fit": "Linear", 
        "value": 0.07296277316414523
    }, 
    "Ar37": {
        "error": 0.009909248095555682, 
        "filter_outliers_dict": {
            "filter_outliers": true, 
            "iterations": 1, 
            "std_devs": 2
        }, 
        "fit": "linear", 
        "value": 0.5937526790648757
    }, 
    "Ar38": {
        "error": 0.0040300028895354995, 
        "filter_outliers_dict": {
            "filter_outliers": true, 
            "iterations": 1, 
            "std_devs": 2
        }, 
        "fit": "linear", 
        "value": 1.1679263796578636
    }, 
    "Ar39": {
        "error": 0.023154699059139888, 
        "filter_outliers_dict": {
            "filter_outliers": true, 
            "iterations": 1, 
            "std_devs": 2
        }, 
        "fit": "Linear", 
        "value": 90.76937933999217
    }, 
    "Ar40": {
        "error": 0.03230267251529546, 
        "filter_outliers_dict": {
            "filter_outliers": true, 
            "iterations": 1, 
            "std_devs": 2
        }, 
        "fit": "Linear", 
        "value": 392.54212156386376
    }, 
    "PM41": {
        "error": 0.060713906890858316, 
        "filter_outliers_dict": {
            "filter_outliers": false, 
            "iterations": 1, 
            "std_devs": 2
        }, 
        "fit": "linear", 
        "value": -0.1466384827277141
    }
}