{
    "Ar36": {
        "error": 0.0005672819672112838, 
        "filter_outliers_dict": {
            "filter_outliers": true, 
            "iterations": 1, 
            "std_devs": 2
        }, 
        "fit": "Linear", 
        "value": 0.04363820189041305
    }, 
    "Ar37": {
        "error": 0.010274382816911865, 
        "filter_outliers_dict": {
            "filter_outliers": true, 
            "iterations": 1, 
            "std_devs": 2
        }, 
        "fit": "linear", 
        "value": 0.6577742284619515
    }, 
    "Ar38": {
        "error": 0.004340566191794269, 
        "filter_outliers_dict": {
            "filter_outliers": true, 
            "iterations": 1, 
            "std_devs": 2
        }, 
        "fit": "linear", 
        "value": 1.3640243474351665
    }, 
    "Ar39": {
        "error": 0.019548656067908798, 
        "filter_outliers_dict": {
            "filter_outliers": true, 
            "iterations": 1, 
            "std_devs": 2
        }, 
        "fit": "Linear", 
        "value": 107.61323079740424
    }, 
    "Ar40": {
        "error": 0.03571225184491188, 
        "filter_outliers_dict": {
            "filter_outliers": true, 
            "iterations": 1, 
            "std_devs": 2
        }, 
        "fit": "Linear", 
        "value": 451.82246508844895
    }, 
    "PM41": {
        "error": 0.07368751804525109, 
        "filter_outliers_dict": {
            "filter_outliers": false, 
            "iterations": 1, 
            "std_devs": 2
        }, 
        "fit": "linear", 
        "value": -0.15713722739479863
    }
}