{
    "Ar36": {
        "error": 0.00036669785719146253, 
        "filter_outliers_dict": {
            "filter_outliers": true, 
            "iterations": 1, 
            "std_devs": 2
        }, 
        "fit": "Linear", 
        "value": 0.0241703894666288
    }, 
    "Ar37": {
        "error": 0.010836018861213737, 
        "filter_outliers_dict": {
            "filter_outliers": true, 
            "iterations": 1, 
            "std_devs": 2
        }, 
        "fit": "linear", 
        "value": 7.122859835625047
    }, 
    "Ar38": {
        "error": 0.004346823242561571, 
        "filter_outliers_dict": {
            "filter_outliers": true, 
            "iterations": 1, 
            "std_devs": 2
        }, 
        "fit": "linear", 
        "value": 0.27467603612790825
    }, 
    "Ar39": {
        "error": 0.014193758810193035, 
        "filter_outliers_dict": {
            "filter_outliers": true, 
            "iterations": 1, 
            "std_devs": 2
        }, 
        "fit": "Linear", 
        "value": 21.68375027634925
    }, 
    "Ar40": {
        "error": 0.018085782672661553, 
        "filter_outliers_dict": {
            "filter_outliers": true, 
            "iterations": 1, 
            "std_devs": 2
        }, 
        "fit": "Linear", 
        "value": 113.18692203063273
    }, 
    "PM41": {
        "error": 0.06802119457000225, 
        "filter_outliers_dict": {
            "filter_outliers": false, 
            "iterations": 1, 
            "std_devs": 2
        }, 
        "fit": "linear", 
        "value": -0.1401551264963122
    }
}