{
    "Ar36": {
        "error": 0.0003034449398972514, 
        "filter_outliers_dict": {
            "filter_outliers": true, 
            "iterations": 1, 
            "std_devs": 2
        }, 
        "fit": "Linear", 
        "value": 0.015325425107936008
    }, 
    "Ar37": {
        "error": 0.01004369800856431, 
        "filter_outliers_dict": {
            "filter_outliers": true, 
            "iterations": 1, 
            "std_devs": 2
        }, 
        "fit": "linear", 
        "value": 0.6417748455194785
    }, 
    "Ar38": {
        "error": 0.0045631926617053405, 
        "filter_outliers_dict": {
            "filter_outliers": true, 
            "iterations": 1, 
            "std_devs": 2
        }, 
        "fit": "linear", 
        "value": 1.6989920919852228
    }, 
    "Ar39": {
        "error": 0.02011860074866525, 
        "filter_outliers_dict": {
            "filter_outliers": true, 
            "iterations": 1, 
            "std_devs": 2
        }, 
        "fit": "Linear", 
        "value": 133.01984131062446
    }, 
    "Ar40": {
        "error": 0.04283822439517403, 
        "filter_outliers_dict": {
            "filter_outliers": true, 
            "iterations": 1, 
            "std_devs": 2
        }, 
        "fit": "Linear", 
        "value": 672.2363685090129
    }, 
    "PM41": {
        "error": 0.06545764183885279, 
        "filter_outliers_dict": {
            "filter_outliers": false, 
            "iterations": 1, 
            "std_devs": 2
        }, 
        "fit": "linear", 
        "value": -0.1008294756883133
    }
}