{
    "Ar36": {
        "error": 0.00032306131656687127, 
        "filter_outliers_dict": {
            "filter_outliers": true, 
            "iterations": 1, 
            "std_devs": 2
        }, 
        "fit": "Linear", 
        "value": 0.01636669762237615
    }, 
    "Ar37": {
        "error": 0.009891750609396377, 
        "filter_outliers_dict": {
            "filter_outliers": true, 
            "iterations": 1, 
            "std_devs": 2
        }, 
        "fit": "linear", 
        "value": 0.7803171082169946
    }, 
    "Ar38": {
        "error": 0.004040010180780775, 
        "filter_outliers_dict": {
            "filter_outliers": true, 
            "iterations": 1, 
            "std_devs": 2
        }, 
        "fit": "linear", 
        "value": 1.41355806476309
    }, 
    "Ar39": {
        "error": 0.02164702990492686, 
        "filter_outliers_dict": {
            "filter_outliers": true, 
            "iterations": 1, 
            "std_devs": 2
        }, 
        "fit": "Linear", 
        "value": 111.24455121941206
    }, 
    "Ar40": {
        "error": 0.03438799360892872, 
        "filter_outliers_dict": {
            "filter_outliers": true, 
            "iterations": 1, 
            "std_devs": 2
        }, 
        "fit": "Linear", 
        "value": 470.7810429982797
    }, 
    "PM41": {
        "error": 0.07321510212220124, 
        "filter_outliers_dict": {
            "filter_outliers": false, 
            "iterations": 1, 
            "std_devs": 2
        }, 
        "fit": "linear", 
        "value": -0.15647263004822273
    }
}