{
    "Ar36": {
        "error": 0.00032546917412842495, 
        "filter_outliers_dict": {
            "filter_outliers": true, 
            "iterations": 1, 
            "std_devs": 2
        }, 
        "fit": "Linear", 
        "value": 0.016034366065342618
    }, 
    "Ar37": {
        "error": 0.010803565301346001, 
        "filter_outliers_dict": {
            "filter_outliers": true, 
            "iterations": 1, 
            "std_devs": 2
        }, 
        "fit": "linear", 
        "value": 0.3922997232703397
    }, 
    "Ar38": {
        "error": 0.004627027080660099, 
        "filter_outliers_dict": {
            "filter_outliers": true, 
            "iterations": 1, 
            "std_devs": 2
        }, 
        "fit": "linear", 
        "value": 0.8737323560874374
    }, 
    "Ar39": {
        "error": 0.01837236180420407, 
        "filter_outliers_dict": {
            "filter_outliers": true, 
            "iterations": 1, 
            "std_devs": 2
        }, 
        "fit": "Linear", 
        "value": 68.87855612321492
    }, 
    "Ar40": {
        "error": 0.024544562093326314, 
        "filter_outliers_dict": {
            "filter_outliers": true, 
            "iterations": 1, 
            "std_devs": 2
        }, 
        "fit": "Linear", 
        "value": 292.03256845037834
    }, 
    "PM41": {
        "error": 0.07934533053013507, 
        "filter_outliers_dict": {
            "filter_outliers": false, 
            "iterations": 1, 
            "std_devs": 2
        }, 
        "fit": "linear", 
        "value": -0.11963856303603149
    }
}