{
    "Ar36": {
        "error": 0.00036076662439230494, 
        "filter_outliers_dict": {
            "filter_outliers": true, 
            "iterations": 1, 
            "std_devs": 2
        }, 
        "fit": "Linear", 
        "value": 0.019066522130362452
    }, 
    "Ar37": {
        "error": 0.011832372650190695, 
        "filter_outliers_dict": {
            "filter_outliers": true, 
            "iterations": 1, 
            "std_devs": 2
        }, 
        "fit": "linear", 
        "value": 0.0454652020893447
    }, 
    "Ar38": {
        "error": 0.003949964714086902, 
        "filter_outliers_dict": {
            "filter_outliers": true, 
            "iterations": 1, 
            "std_devs": 2
        }, 
        "fit": "linear", 
        "value": -0.002620076832608439
    }, 
    "Ar39": {
        "error": 0.013018586896824814, 
        "filter_outliers_dict": {
            "filter_outliers": true, 
            "iterations": 1, 
            "std_devs": 2
        }, 
        "fit": "Linear", 
        "value": 0.10089520069905127
    }, 
    "Ar40": {
        "error": 0.009359786708945814, 
        "filter_outliers_dict": {
            "filter_outliers": true, 
            "iterations": 1, 
            "std_devs": 2
        }, 
        "fit": "Linear", 
        "value": 3.47555350554367
    }, 
    "PM41": {
        "error": 0.062306724055030925, 
        "filter_outliers_dict": {
            "filter_outliers": false, 
            "iterations": 1, 
            "std_devs": 2
        }, 
        "fit": "linear", 
        "value": -0.0931874905038522
    }
}