{
    "Ar36": {
        "error": 0.00032558869520037196, 
        "filter_outliers_dict": {
            "filter_outliers": true, 
            "iterations": 1, 
            "std_devs": 2
        }, 
        "fit": "Linear", 
        "value": 0.016442816465541195
    }, 
    "Ar37": {
        "error": 0.00971210850802117, 
        "filter_outliers_dict": {
            "filter_outliers": true, 
            "iterations": 1, 
            "std_devs": 2
        }, 
        "fit": "linear", 
        "value": 0.23087997480100642
    }, 
    "Ar38": {
        "error": 0.004563025552093477, 
        "filter_outliers_dict": {
            "filter_outliers": true, 
            "iterations": 1, 
            "std_devs": 2
        }, 
        "fit": "linear", 
        "value": 0.4003002958102877
    }, 
    "Ar39": {
        "error": 0.015226068673314342, 
        "filter_outliers_dict": {
            "filter_outliers": true, 
            "iterations": 1, 
            "std_devs": 2
        }, 
        "fit": "Linear", 
        "value": 31.885769765475064
    }, 
    "Ar40": {
        "error": 0.020705520552971143, 
        "filter_outliers_dict": {
            "filter_outliers": true, 
            "iterations": 1, 
            "std_devs": 2
        }, 
        "fit": "Linear", 
        "value": 134.52503481795404
    }, 
    "PM41": {
        "error": 0.07105632024337633, 
        "filter_outliers_dict": {
            "filter_outliers": false, 
            "iterations": 1, 
            "std_devs": 2
        }, 
        "fit": "linear", 
        "value": -0.14515253328139321
    }
}