{
    "Ar36": {
        "error": 0.00034083896915640464, 
        "filter_outliers_dict": {
            "filter_outliers": true, 
            "iterations": 1, 
            "std_devs": 2
        }, 
        "fit": "Linear", 
        "value": 0.01928703287826029
    }, 
    "Ar37": {
        "error": 0.010751166149693087, 
        "filter_outliers_dict": {
            "filter_outliers": true, 
            "iterations": 1, 
            "std_devs": 2
        }, 
        "fit": "linear", 
        "value": 0.13046478158395908
    }, 
    "Ar38": {
        "error": 0.004195669600052337, 
        "filter_outliers_dict": {
            "filter_outliers": true, 
            "iterations": 1, 
            "std_devs": 2
        }, 
        "fit": "linear", 
        "value": 0.8951647700799996
    }, 
    "Ar39": {
        "error": 0.018731380925066394, 
        "filter_outliers_dict": {
            "filter_outliers": true, 
            "iterations": 1, 
            "std_devs": 2
        }, 
        "fit": "Linear", 
        "value": 68.21996940780862
    }, 
    "Ar40": {
        "error": 0.027390731031500894, 
        "filter_outliers_dict": {
            "filter_outliers": true, 
            "iterations": 1, 
            "std_devs": 2
        }, 
        "fit": "Linear", 
        "value": 289.73149001808133
    }, 
    "PM41": {
        "error": 0.06884596593268785, 
        "filter_outliers_dict": {
            "filter_outliers": false, 
            "iterations": 1, 
            "std_devs": 2
        }, 
        "fit": "linear", 
        "value": -0.14434006068747046
    }
}