{
    "Ar36": {
        "error": 0.00036880098963264555, 
        "filter_outliers_dict": {
            "filter_outliers": true, 
            "iterations": 1, 
            "std_devs": 2
        }, 
        "fit": "Linear", 
        "value": 0.019596971323085924
    }, 
    "Ar37": {
        "error": 0.011037966803770395, 
        "filter_outliers_dict": {
            "filter_outliers": true, 
            "iterations": 1, 
            "std_devs": 2
        }, 
        "fit": "linear", 
        "value": 0.10597408967242909
    }, 
    "Ar38": {
        "error": 0.00441787925397452, 
        "filter_outliers_dict": {
            "filter_outliers": true, 
            "iterations": 1, 
            "std_devs": 2
        }, 
        "fit": "linear", 
        "value": 0.5996884319882259
    }, 
    "Ar39": {
        "error": 0.014994604644949179, 
        "filter_outliers_dict": {
            "filter_outliers": true, 
            "iterations": 1, 
            "std_devs": 2
        }, 
        "fit": "Linear", 
        "value": 47.116943092712134
    }, 
    "Ar40": {
        "error": 0.02072322533519424, 
        "filter_outliers_dict": {
            "filter_outliers": true, 
            "iterations": 1, 
            "std_devs": 2
        }, 
        "fit": "Linear", 
        "value": 201.10110860469612
    }, 
    "PM41": {
        "error": 0.0710858432904148, 
        "filter_outliers_dict": {
            "filter_outliers": false, 
            "iterations": 1, 
            "std_devs": 2
        }, 
        "fit": "linear", 
        "value": -0.15877637910453196
    }
}