{
    "Ar36": {
        "error": 0.0003432371400329323, 
        "filter_outliers_dict": {
            "filter_outliers": true, 
            "iterations": 1, 
            "std_devs": 2
        }, 
        "fit": "Parabolic", 
        "value": 0.027861108835737065
    }, 
    "Ar37": {
        "error": 0.005105737570952034, 
        "filter_outliers_dict": {
            "filter_outliers": true, 
            "iterations": 1, 
            "std_devs": 2
        }, 
        "fit": "linear", 
        "value": 0.02437677768658512
    }, 
    "Ar38": {
        "error": 0.0022203713438852853, 
        "filter_outliers_dict": {
            "filter_outliers": true, 
            "iterations": 1, 
            "std_devs": 2
        }, 
        "fit": "linear", 
        "value": 0.8322142354384785
    }, 
    "Ar39": {
        "error": 0.01316312763183782, 
        "filter_outliers_dict": {
            "filter_outliers": true, 
            "iterations": 1, 
            "std_devs": 2
        }, 
        "fit": "Parabolic", 
        "value": 65.2800667130293
    }, 
    "Ar40": {
        "error": 0.03481127987437164, 
        "filter_outliers_dict": {
            "filter_outliers": true, 
            "iterations": 1, 
            "std_devs": 2
        }, 
        "fit": "Parabolic", 
        "value": 811.1800606084179
    }, 
    "PM41": {
        "error": 0.061286003701151844, 
        "filter_outliers_dict": {
            "filter_outliers": false, 
            "iterations": 1, 
            "std_devs": 2
        }, 
        "fit": "linear", 
        "value": -0.1220688063262332
    }
}